{
  "roc_auc": 0.7552413456850317,
  "pr_auc": 0.20812354540435207,
  "precision": 0.28125,
  "recall": 0.42857142857142855,
  "f1": 0.33962264150943394,
  "support_positive": 21,
  "support_negative": 293,
  "threshold": 0.08996834721116395
}